data,loja,produto,regiao,categoria,quantidade,preco_unitario
2024-01-01,Loja C,Produto Z,Este,Eletrónicos,8.0,85.97039219659466
2024-01-04,Loja D,Produto Y,Oeste,Eletrónicos,4.0,491.1020352721602
2024-01-08,Loja A,Produto Y,Este,Higiene,1.0,421.07741601398806
2024-01-12,Loja C,Produto W,Norte,Vestuário,8.0,
2024-01-15,Loja C,Produto Y,Oeste,Vestuário,4.0,132.6231666527734
2024-01-19,Loja D,Produto Y,Norte,Eletrónicos,6.0,29.02901987041737
2024-01-23,Loja A,Produto Y,Oeste,Alimentação,8.0,158.60010218987918
2024-01-26,Loja A,Produto W,Oeste,Vestuário,4.0,273.17038932636115
2024-01-30,Loja C,Produto Y,Sul,Alimentação,3.0,170.05910848006002
2024-02-03,Loja B,Produto Z,Norte,Vestuário,9.0,415.65581185591844
2024-02-06,Loja C,Produto W,Este,Alimentação,3.0,143.05602875167352
2024-02-10,Loja C,Produto Z,Este,Higiene,9.0,482.9733968914772
2024-02-14,Loja C,Produto W,Norte,Alimentação,2.0,234.059929190727
2024-02-17,Loja C,Produto Y,Este,Higiene,2.0,422.59130675587085
2024-02-21,Loja D,Produto Z,Este,Higiene,2.0,105.24621665748778
2024-02-25,Loja A,Produto W,Norte,Alimentação,6.0,211.56341347777249
2024-02-28,Loja D,Produto X,Oeste,Higiene,3.0,352.76098327592496
2024-03-03,Loja D,Produto Y,Norte,Eletrónicos,9.0,77.79301528472267
2024-03-07,Loja D,Produto W,Oeste,Higiene,4.0,75.0452568990552
2024-03-11,Loja C,Produto X,Este,Vestuário,1.0,485.0730648859379
2024-03-14,Loja B,Produto W,Este,Alimentação,,360.15160104817653
2024-03-18,Loja A,Produto X,Este,Eletrónicos,1.0,30.123083216259136
2024-03-22,Loja B,Produto Y,Sul,Alimentação,5.0,205.42224170794933
2024-03-25,Loja D,Produto Z,Oeste,Vestuário,4.0,222.4251614145636
2024-03-29,Loja D,Produto X,Sul,Vestuário,8.0,374.5808950695665
2024-04-02,Loja B,Produto W,Sul,Vestuário,8.0,132.921658399864
2024-04-05,Loja B,Produto Y,Norte,Higiene,7.0,100.32350042237132
2024-04-09,Loja B,Produto X,Sul,Higiene,3.0,49.62775364242686
2024-04-13,Loja D,Produto W,Norte,Alimentação,1.0,219.8740927206528
2024-04-16,Loja D,Produto W,Norte,Alimentação,1.0,347.36495137502953
2024-04-20,Loja A,Produto W,Sul,Eletrónicos,3.0,38.514861799137364
2024-04-24,Loja A,Produto X,Oeste,Eletrónicos,6.0,458.45472653697544
2024-04-27,Loja D,Produto X,Oeste,Alimentação,7.0,226.75259256824117
2024-05-01,Loja B,Produto X,Oeste,Higiene,6.0,127.49580598712758
2024-05-05,Loja B,Produto Z,Oeste,Vestuário,6.0,55.997912139832955
2024-05-09,Loja A,Produto X,Oeste,Alimentação,6.0,99.6043385825806
2024-05-12,Loja D,Produto X,Sul,Eletrónicos,3.0,467.96085869645776
2024-05-16,Loja A,Produto X,Sul,Higiene,6.0,322.7525909832417
2024-05-20,Loja A,Produto Z,Este,Alimentação,8.0,263.1811661390177
2024-05-23,Loja C,Produto X,Oeste,Alimentação,2.0,331.9845509650818
2024-05-27,Loja C,Produto W,Sul,Higiene,5.0,223.47972035216662
2024-05-31,Loja C,Produto X,Este,Alimentação,1.0,367.7192651152911
2024-06-03,Loja B,Produto W,Oeste,Higiene,1.0,33.380902568907906
2024-06-07,Loja D,Produto W,Norte,Vestuário,5.0,287.3582331420974
2024-06-11,Loja D,Produto W,Este,Higiene,3.0,87.7367593448206
2024-06-14,Loja D,Produto Z,Sul,Higiene,4.0,68.88067742476467
2024-06-18,Loja D,Produto Z,Norte,Higiene,3.0,177.52103669103678
2024-06-22,Loja C,Produto Z,Norte,Alimentação,1.0,54.98154224858652
2024-06-25,Loja B,Produto X,Norte,Alimentação,1.0,56.13692425159446
2024-06-29,Loja B,Produto W,Este,Higiene,5.0,162.59252160173415
2024-07-03,Loja C,Produto Z,Sul,Alimentação,6.0,489.96015902453917
2024-07-07,Loja B,Produto Z,Norte,Eletrónicos,3.0,95.91183224577588
2024-07-10,Loja C,Produto X,Oeste,Eletrónicos,9.0,18.408939897557616
2024-07-14,Loja D,Produto Z,Norte,Alimentação,5.0,384.04856727191634
2024-07-18,Loja C,Produto X,Norte,Alimentação,8.0,405.3873587548819
2024-07-21,Loja D,Produto Y,Este,Higiene,1.0,179.6891173338064
2024-07-25,Loja D,Produto Z,Este,Vestuário,5.0,237.6901683404096
2024-07-29,Loja A,Produto Y,Sul,Alimentação,3.0,328.38910449495404
2024-08-01,Loja C,Produto X,Oeste,Eletrónicos,1.0,33.548872856546524
2024-08-05,Loja A,Produto W,Este,Higiene,4.0,475.0814084797791
2024-08-09,Loja C,Produto Z,Norte,Alimentação,5.0,444.4733897760433
2024-08-12,Loja C,Produto X,Sul,Eletrónicos,7.0,137.83787543743983
2024-08-16,Loja A,Produto W,Norte,Eletrónicos,1.0,17.499224742288526
2024-08-20,Loja A,Produto W,Norte,Vestuário,3.0,467.38379095894663
2024-08-23,Loja C,Produto Y,Este,Higiene,2.0,255.509543118477
2024-08-27,Loja B,Produto X,Sul,Higiene,9.0,
2024-08-31,Loja D,Produto W,Oeste,Vestuário,6.0,345.14224700508913
2024-09-04,Loja A,Produto Z,Oeste,Vestuário,3.0,311.76707055105777
2024-09-07,Loja D,Produto Z,Este,Higiene,8.0,472.506886234771
2024-09-11,Loja B,Produto Y,Este,Higiene,8.0,472.683282591332
2024-09-15,Loja B,Produto W,Sul,Alimentação,2.0,434.92747744195185
2024-09-18,Loja B,Produto X,Oeste,Alimentação,,321.8377627485455
2024-09-22,Loja A,Produto Z,Oeste,Vestuário,7.0,402.4651543943759
2024-09-26,Loja B,Produto W,Oeste,Alimentação,2.0,341.812487767661
2024-09-29,Loja A,Produto W,Norte,Eletrónicos,2.0,290.9498504192473
2024-10-03,Loja B,Produto Y,Oeste,Alimentação,1.0,72.965173084616
2024-10-07,Loja D,Produto Z,Norte,Alimentação,8.0,407.49004660064145
2024-10-10,Loja D,Produto Z,Sul,Eletrónicos,,
2024-10-14,Loja C,Produto X,Norte,Vestuário,9.0,316.7104383497707
2024-10-18,Loja D,Produto Z,Sul,Eletrónicos,6.0,412.00915344792134
2024-10-21,Loja C,Produto X,Oeste,Alimentação,7.0,329.2275382103161
2024-10-25,Loja D,Produto Z,Oeste,Vestuário,7.0,
2024-10-29,Loja A,Produto Y,Sul,Alimentação,3.0,144.24095238735555
2024-11-02,Loja D,Produto Z,Este,Eletrónicos,2.0,115.14866865710333
2024-11-05,Loja C,Produto X,Sul,Eletrónicos,9.0,194.85695078170818
2024-11-09,Loja C,Produto X,Este,Alimentação,8.0,29.091934832014477
2024-11-13,Loja B,Produto Y,Norte,Higiene,7.0,312.9444033255675
2024-11-16,Loja A,Produto Z,Norte,Higiene,9.0,174.91156529547598
2024-11-20,Loja D,Produto Z,Norte,Eletrónicos,4.0,331.30409133656366
2024-11-24,Loja B,Produto Y,Oeste,Eletrónicos,4.0,198.84434427312686
2024-11-27,Loja D,Produto Z,Norte,Higiene,1.0,343.99069779666695
2024-12-01,Loja D,Produto Z,Este,Higiene,,176.9060390374776
2024-12-05,Loja B,Produto X,Norte,Alimentação,,137.74031883559252
2024-12-08,Loja B,Produto Z,Sul,Alimentação,7.0,253.05835260376904
2024-12-12,Loja B,Produto Z,Sul,Higiene,2.0,349.5162757590503
2024-12-16,Loja B,Produto Y,Oeste,Alimentação,2.0,180.6849361820667
2024-12-19,Loja B,Produto Y,Sul,Alimentação,7.0,468.9575944092966
2024-12-23,Loja D,Produto W,Este,Vestuário,6.0,29.201300071066665
2024-12-27,Loja B,Produto X,Norte,Alimentação,3.0,214.7935555406336
2024-12-31,Loja A,Produto Z,Oeste,Eletrónicos,9.0,
